PO_ID,reason,penalty,admin_approved,admin_comments,admin_username
PO1000,arrived late,401.23,False,,admin
PO1001,no reason,0.0,False,,
PO1002,no reason,0.0,False,,
PO1003,no reason,0.0,False,,
PO1004,no reason,0.0,False,,
PO1005,no reason,0.0,False,,
PO1006,multiple grns,322.08,False,,
PO1007,no reason,0.0,False,check,admin
PO1008,no reason,0.0,False,,
PO1009,no reason,0.0,False,,
PO1010,no reason,0.0,False,,
PO1011,total price discrepancy,821.85,False,,
PO1012,no reason,0.0,False,,
PO1013,no reason,0.0,False,,
PO1014,no reason,0.0,False,,
PO1015,missing grn,137.39,False,,
PO1016,no reason,0.0,False,,
PO1017,no reason,0.0,False,,
PO1018,no reason,0.0,False,,
PO1019,no reason,0.0,False,,
PO1020,no reason,0.0,False,,
PO1021,no reason,0.0,False,,
PO1022,no reason,0.0,False,,
PO1023,no reason,0.0,False,,
PO1024,no reason,0.0,False,,
PO1025,no reason,0.0,False,,
PO1026,no reason,0.0,False,,
PO1027,no reason,0.0,False,,
PO1028,no reason,0.0,False,,
PO1029,no reason,0.0,False,,
PO1030,no reason,0.0,False,,
PO1031,no reason,0.0,False,,
PO1032,no reason,0.0,False,,
PO1033,no reason,0.0,False,,
PO1034,no reason,0.0,False,,
PO1035,no reason,0.0,False,,
PO1036,no reason,0.0,False,,
PO1037,no reason,0.0,False,,
PO1038,no reason,0.0,False,,
PO1039,no reason,0.0,False,,
PO1040,currency mismatch,876.68,False,,
PO1041,no reason,0.0,False,,
PO1042,no reason,0.0,False,,
PO1043,no reason,0.0,False,,
PO1044,no reason,0.0,False,,
PO1045,no reason,0.0,False,,
PO1046,no reason,0.0,False,,
PO1047,no reason,0.0,False,,
PO1048,no reason,0.0,False,,
PO1049,no reason,0.0,False,,
PO1050,no reason,0.0,False,,
PO1051,no reason,0.0,False,,
PO1052,no reason,0.0,False,,
PO1053,no reason,0.0,False,,
PO1054,total price discrepancy,472.53,False,,
PO1055,total price discrepancy,879.56,False,,
PO1056,no reason,0.0,False,,
PO1057,multiple grns,869.36,False,,
PO1058,no reason,0.0,False,,
PO1059,no reason,0.0,False,,
PO1060,late delivery,707.61,False,,
PO1061,total price discrepancy,485.44,False,,
PO1062,no reason,0.0,False,,
PO1063,no reason,0.0,False,,
PO1064,unit price mismatch,736.45,False,,
PO1065,total price discrepancy,618.53,False,,
PO1066,no reason,0.0,False,,
PO1067,no reason,0.0,False,,
PO1068,no reason,0.0,False,,
PO1069,no reason,0.0,False,,
PO1070,no reason,0.0,False,,
PO1071,less received,432.95,False,,
PO1072,no reason,0.0,False,,
PO1073,no reason,0.0,False,,
PO1074,under-delivery,983.79,False,,
PO1075,no reason,0.0,False,,
PO1076,over delivered,562.87,False,,
PO1077,no reason,0.0,False,,
PO1078,no reason,0.0,False,,
PO1079,no reason,0.0,False,,
PO1080,no reason,0.0,False,,
PO1081,no reason,0.0,False,,
PO1082,no reason,0.0,False,,
PO1083,no reason,0.0,False,,
PO1084,no reason,0.0,False,,
PO1085,no reason,0.0,False,,
PO1086,currency mismatch,689.01,False,,
PO1087,split shipment,280.32,False,,
PO1088,no reason,0.0,False,,
PO1089,no reason,0.0,False,,
PO1090,no reason,0.0,False,,
PO1091,delivered late,960.62,False,,
PO1092,no reason,0.0,False,,
PO1093,no reason,0.0,False,,
PO1094,no reason,0.0,False,,
PO1095,no reason,0.0,False,,
PO1096,no reason,0.0,False,,
PO1097,no reason,0.0,False,,
PO1098,no reason,0.0,False,,
PO1099,invoice quantity mismatch,437.58,False,,
PO1100,no reason,0.0,False,,
PO1101,no reason,0.0,False,,
PO1102,asn/grn mismatch,651.04,False,,
PO1103,total price discrepancy,699.78,False,,
PO1104,no reason,0.0,False,,
PO1105,no reason,0.0,False,,
PO1106,no reason,0.0,False,,
PO1107,no reason,0.0,False,,
PO1108,no reason,0.0,False,,
PO1109,no reason,0.0,False,,
PO1110,invoice/grn quantity mismatch,987.44,False,,
PO1111,no reason,0.0,False,,
PO1112,total price discrepancy,260.67,False,,
PO1113,no reason,0.0,False,,
PO1114,currency mismatch,232.02,False,,
PO1115,no reason,0.0,False,,
PO1116,no reason,0.0,False,,
PO1117,no reason,0.0,False,,
PO1118,less received,483.81,False,,
PO1119,no reason,0.0,False,,
PO1120,arrived late,205.45,False,,
PO1121,under-delivery,733.63,False,,
PO1122,under-delivery,402.85,False,,
PO1123,no reason,0.0,False,,
PO1124,no reason,0.0,False,,
PO1125,no reason,0.0,False,,
PO1126,no reason,0.0,False,,
PO1127,total price discrepancy,182.45,False,,
PO1128,under delivered,427.09,False,,
PO1129,under-delivery,846.26,False,,
PO1130,no reason,0.0,False,,
PO1131,no reason,0.0,False,,
PO1132,unit price mismatch,844.33,False,,
PO1133,no reason,0.0,False,,
PO1134,no reason,0.0,False,,
PO1135,no reason,0.0,False,,
PO1136,no reason,0.0,False,,
PO1137,no reason,0.0,False,,
PO1138,no reason,0.0,False,,
PO1139,no reason,0.0,False,,
PO1140,no reason,0.0,False,,
PO1141,no reason,0.0,False,,
PO1142,no reason,0.0,False,,
PO1143,no reason,0.0,False,,
PO1144,no reason,0.0,False,,
PO1145,no reason,0.0,False,,
PO1146,total price discrepancy,315.17,False,,
PO1147,grn missing,361.65,False,,
PO1148,no reason,0.0,False,,
PO1149,no reason,0.0,False,,
PO1150,no reason,0.0,False,,
PO1151,no reason,0.0,False,,
PO1152,no reason,0.0,False,,
PO1153,no reason,0.0,False,,
PO1154,no reason,0.0,False,,
PO1155,no reason,0.0,False,,
PO1156,no reason,0.0,False,,
PO1157,no reason,0.0,False,,
PO1158,no reason,0.0,False,,
PO1159,no reason,0.0,False,,
PO1160,no reason,0.0,False,,
PO1161,no reason,0.0,False,,
PO1162,no reason,0.0,False,,
PO1163,no reason,0.0,False,,
PO1164,partial shipments,265.47,False,,
PO1165,no reason,0.0,False,,
PO1166,no reason,0.0,False,,
PO1167,no reason,0.0,False,,
PO1168,no reason,0.0,False,,
PO1169,no reason,0.0,False,,
PO1170,no reason,0.0,False,,
PO1171,no reason,0.0,False,,
PO1172,no reason,0.0,False,,
PO1173,no grn,998.36,False,,
PO1174,no grn,476.5,False,,
PO1175,no reason,0.0,False,,
PO1176,no reason,0.0,False,,
PO1177,no reason,0.0,False,,
PO1178,no reason,0.0,False,,
PO1179,no reason,0.0,False,,
PO1180,no reason,0.0,False,,
PO1181,no reason,0.0,False,,
PO1182,partial shipments,584.63,False,,
PO1183,no reason,0.0,False,,
PO1184,no reason,0.0,False,,
PO1185,no reason,0.0,False,,
PO1186,no grn,253.25,False,,
PO1187,no reason,0.0,False,,
PO1188,no reason,0.0,False,,
PO1189,no reason,0.0,False,,
PO1190,no reason,0.0,False,,
PO1191,no reason,0.0,False,,
PO1192,no reason,0.0,False,,
PO1193,no reason,0.0,False,,
PO1194,no reason,0.0,False,,
PO1195,no reason,0.0,False,,
PO1196,multiple grns,359.09,False,,
PO1197,no reason,0.0,False,,
PO1198,asn grn mismatch,164.86,False,,
PO1199,no reason,0.0,False,,
PO1200,no reason,0.0,False,,
PO1201,split shipment,479.57,False,,
PO1202,no reason,0.0,False,,
PO1203,no reason,0.0,False,,
PO1204,no reason,0.0,False,,
PO1205,no reason,0.0,False,,
PO1206,no reason,0.0,False,,
PO1207,no reason,0.0,False,,
PO1208,no reason,0.0,False,,
PO1209,multiple grns,594.79,False,,
PO1210,no reason,0.0,False,,
PO1211,no reason,0.0,False,,
PO1212,no reason,0.0,False,,
PO1213,no reason,0.0,False,,
PO1214,no reason,0.0,False,,
PO1215,missing grn,942.1,False,,
PO1216,no reason,0.0,False,,
PO1217,unit price mismatch,240.1,False,,
PO1218,no reason,0.0,False,,
PO1219,no reason,0.0,False,,
PO1220,no reason,0.0,False,,
PO1221,unit price mismatch,304.93,False,,
PO1222,no reason,0.0,False,,
PO1223,no reason,0.0,False,,
PO1224,no reason,0.0,False,,
PO1225,unit price mismatch,813.16,False,,
PO1226,no reason,0.0,False,,
PO1227,no reason,0.0,False,,
PO1228,no reason,0.0,False,,
PO1229,no reason,0.0,False,,
PO1230,no reason,0.0,False,,
PO1231,no reason,0.0,False,,
PO1232,under delivered,431.91,False,,
PO1233,total price discrepancy,534.88,False,,
PO1234,no reason,0.0,False,,
PO1235,no reason,0.0,False,,
PO1236,no reason,0.0,False,,
PO1237,no reason,0.0,False,,
PO1238,no reason,0.0,False,,
PO1239,no reason,0.0,False,,
PO1240,no reason,0.0,False,,
PO1241,unit price mismatch,192.53,False,,
PO1242,no reason,0.0,False,,
PO1243,no reason,0.0,False,,
PO1244,no reason,0.0,False,,
PO1245,no reason,0.0,False,,
PO1246,no reason,0.0,False,,
PO1247,no reason,0.0,False,,
PO1248,no reason,0.0,False,,
PO1249,no reason,0.0,False,,
PO1250,no reason,0.0,False,,
PO1251,no reason,0.0,False,,
PO1252,no reason,0.0,False,,
PO1253,no reason,0.0,False,,
PO1254,no reason,0.0,False,,
PO1255,unit price mismatch,261.79,False,,
PO1256,no reason,0.0,False,,
PO1257,no reason,0.0,False,,
PO1258,no reason,0.0,False,,
PO1259,no reason,0.0,False,,
PO1260,no reason,0.0,False,,
PO1261,no grn,586.87,False,,
PO1262,no reason,0.0,False,,
PO1263,no reason,0.0,False,,
PO1264,no reason,0.0,False,,
PO1265,less received,249.21,False,,
PO1266,grn missing,613.53,False,,
PO1267,no reason,0.0,False,,
PO1268,no reason,0.0,False,,
PO1269,no reason,0.0,False,,
PO1270,currency mismatch,602.23,False,,
PO1271,no reason,0.0,False,,
PO1272,no reason,0.0,False,,
PO1273,no reason,0.0,False,,
PO1274,no reason,0.0,False,,
PO1275,no reason,0.0,False,,
PO1276,no reason,0.0,False,,
PO1277,no reason,0.0,False,,
PO1278,no reason,0.0,False,,
PO1279,no reason,0.0,False,,
PO1280,no reason,0.0,False,,
PO1281,no reason,0.0,False,,
PO1282,no reason,0.0,False,,
PO1283,no reason,0.0,False,,
PO1284,no reason,0.0,False,,
PO1285,invoice quantity mismatch,141.45,False,,
PO1286,multiple grns,893.33,False,,
PO1287,no reason,0.0,False,,
PO1288,no reason,0.0,False,,
PO1289,no reason,0.0,False,,
PO1290,no reason,0.0,False,,
PO1291,no reason,0.0,False,,
PO1292,invoice quantity mismatch,790.24,False,,
PO1293,no reason,0.0,False,,
PO1294,no reason,0.0,False,,
PO1295,no reason,0.0,False,,
PO1296,no reason,0.0,False,,
PO1297,no reason,0.0,False,,
PO1298,no reason,0.0,False,,
PO1299,more received,824.34,False,,
PO1300,no reason,0.0,False,,
PO1301,unit price mismatch,813.06,False,,
PO1302,no reason,0.0,False,,
PO1303,no reason,0.0,False,,
PO1304,no reason,0.0,False,,
PO1305,no reason,0.0,False,,
PO1306,no reason,0.0,False,,
PO1307,missing grn,548.13,False,,
PO1308,no reason,0.0,False,,
PO1309,asn grn mismatch,285.21,False,,
PO1310,late delivery,941.78,False,,
PO1311,no reason,0.0,False,,
PO1312,no reason,0.0,False,,
PO1313,no reason,0.0,False,,
PO1314,no reason,0.0,False,,
PO1315,more received,985.44,False,,
PO1316,no reason,0.0,False,,
PO1317,no reason,0.0,False,,
PO1318,no reason,0.0,False,,
PO1319,no reason,0.0,False,,
PO1320,no reason,0.0,False,,
PO1321,no reason,0.0,False,,
PO1322,no reason,0.0,False,,
PO1323,no reason,0.0,False,,
PO1324,no reason,0.0,False,,
PO1325,unit price mismatch,244.71,False,,
PO1326,no reason,0.0,False,,
PO1327,over delivered,121.49,False,,
PO1328,invoice grn mismatch,384.88,False,,
PO1329,no reason,0.0,False,,
PO1330,no reason,0.0,False,,
PO1331,no reason,0.0,False,,
PO1332,no reason,0.0,False,,
PO1333,no reason,0.0,False,,
PO1334,asn/grn mismatch,794.95,False,,
PO1335,no reason,0.0,False,,
PO1336,no reason,0.0,False,,
PO1337,late delivery,888.35,False,,
PO1338,no reason,0.0,False,,
PO1339,no reason,0.0,False,,
PO1340,no reason,0.0,False,,
PO1341,no reason,0.0,False,,
PO1342,no reason,0.0,False,,
PO1343,no reason,0.0,False,,
PO1344,no reason,0.0,False,,
PO1345,no reason,0.0,False,,
PO1346,no reason,0.0,False,,
PO1347,no reason,0.0,False,,
PO1348,no reason,0.0,False,,
PO1349,no reason,0.0,False,,
PO1350,no reason,0.0,False,,
PO1351,invoice grn mismatch,565.78,False,,
PO1352,asn grn mismatch,321.23,False,,
PO1353,no reason,0.0,False,,
PO1354,arrived late,175.22,False,,
PO1355,no reason,0.0,False,,
PO1356,partial shipments,616.06,False,,
PO1357,no reason,0.0,False,,
PO1358,no reason,0.0,False,,
PO1359,no reason,0.0,False,,
PO1360,asn grn mismatch,488.88,False,,
PO1361,no reason,0.0,False,,
PO1362,no reason,0.0,False,,
PO1363,total price discrepancy,965.42,False,,
PO1364,no reason,0.0,False,,
PO1365,split shipment,237.92,False,,
PO1366,no reason,0.0,False,,
PO1367,unit price mismatch,232.77,False,,
PO1368,no reason,0.0,False,,
PO1369,no reason,0.0,False,,
PO1370,no reason,0.0,False,,
PO1371,no reason,0.0,False,,
PO1372,under-delivery,478.27,False,,
PO1373,no reason,0.0,False,,
PO1374,no reason,0.0,False,,
PO1375,no reason,0.0,False,,
PO1376,no reason,0.0,False,,
PO1377,no reason,0.0,False,,
PO1378,no reason,0.0,False,,
PO1379,unit price mismatch,779.83,False,,
PO1380,no reason,0.0,False,,
PO1381,no reason,0.0,False,,
PO1382,no reason,0.0,False,,
PO1383,no reason,0.0,False,,
PO1384,no reason,0.0,False,,
PO1385,no reason,0.0,False,,
PO1386,no reason,0.0,False,,
PO1387,no reason,0.0,False,,
PO1388,no reason,0.0,False,,
PO1389,no reason,0.0,False,,
PO1390,currency mismatch,157.34,False,,
PO1391,no reason,0.0,False,,
PO1392,no reason,0.0,False,,
PO1393,no reason,0.0,False,,
PO1394,no reason,0.0,False,,
PO1395,no reason,0.0,False,,
PO1396,no reason,0.0,False,,
PO1397,no reason,0.0,False,,
PO1398,total price discrepancy,937.73,False,,
PO1399,no reason,0.0,False,,
PO1400,no reason,0.0,False,,
PO1401,no reason,0.0,False,,
PO1402,no reason,0.0,False,,
PO1403,invoice/grn quantity mismatch,927.29,False,,
PO1404,no reason,0.0,False,,
PO1405,no reason,0.0,False,,
PO1406,no reason,0.0,False,,
PO1407,asn grn mismatch,870.61,False,,
PO1408,no reason,0.0,False,,
PO1409,no reason,0.0,False,,
PO1410,no reason,0.0,False,,
PO1411,no reason,0.0,False,,
PO1412,no reason,0.0,False,,
PO1413,no reason,0.0,False,,
PO1414,no reason,0.0,False,,
PO1415,no reason,0.0,False,,
PO1416,no reason,0.0,False,,
PO1417,no reason,0.0,False,,
PO1418,under-delivery,904.09,False,,
PO1419,no reason,0.0,False,,
PO1420,no reason,0.0,False,,
PO1421,no reason,0.0,False,,
PO1422,no reason,0.0,False,,
PO1423,total price discrepancy,319.18,False,,
PO1424,no reason,0.0,False,,
PO1425,no reason,0.0,False,,
PO1426,no reason,0.0,False,,
PO1427,no reason,0.0,False,,
PO1428,no reason,0.0,False,,
PO1429,currency mismatch,817.49,False,,
PO1430,no reason,0.0,False,,
PO1431,no reason,0.0,False,,
PO1432,no reason,0.0,False,,
PO1433,under-delivery,762.89,False,,
PO1434,no reason,0.0,False,,
PO1435,no reason,0.0,False,,
PO1436,no reason,0.0,False,,
PO1437,no reason,0.0,False,,
PO1438,no reason,0.0,False,,
PO1439,late delivery,220.28,False,,
PO1440,no reason,0.0,False,,
PO1441,no reason,0.0,False,,
PO1442,no reason,0.0,False,,
PO1443,no reason,0.0,False,,
PO1444,no reason,0.0,False,,
PO1445,no reason,0.0,False,,
PO1446,no reason,0.0,False,,
PO1447,unit price mismatch,828.52,False,,
PO1448,no reason,0.0,False,,
PO1449,over delivered,914.06,False,,
PO1450,no reason,0.0,False,,
PO1451,asn/grn mismatch,382.31,False,,
PO1452,no reason,0.0,False,,
PO1453,no reason,0.0,False,,
PO1454,no reason,0.0,False,,
PO1455,no reason,0.0,False,,
PO1456,no reason,0.0,False,,
PO1457,no reason,0.0,False,,
PO1458,no reason,0.0,False,,
PO1459,no reason,0.0,False,,
PO1460,no reason,0.0,False,,
PO1461,no reason,0.0,False,,
PO1462,no reason,0.0,False,,
PO1463,no reason,0.0,False,,
PO1464,no reason,0.0,False,,
PO1465,no reason,0.0,False,,
PO1466,no reason,0.0,False,,
PO1467,currency mismatch,907.65,False,,
PO1468,no reason,0.0,False,,
PO1469,no reason,0.0,False,,
PO1470,no reason,0.0,False,,
PO1471,no reason,0.0,False,,
PO1472,no reason,0.0,False,,
PO1473,no reason,0.0,False,,
PO1474,no reason,0.0,False,,
PO1475,no reason,0.0,False,,
PO1476,asn grn mismatch,513.67,False,,
PO1477,invoice/grn quantity mismatch,177.09,False,,
PO1478,less received,867.84,False,,
PO1479,no reason,0.0,False,,
PO1480,no reason,0.0,False,,
PO1481,no reason,0.0,False,,
PO1482,no reason,0.0,False,,
PO1483,unit price mismatch,706.84,False,,
PO1484,no reason,0.0,False,,
PO1485,no reason,0.0,False,,
PO1486,no reason,0.0,False,,
PO1487,asn/grn mismatch,754.12,False,,
PO1488,no reason,0.0,False,,
PO1489,no reason,0.0,False,,
PO1490,no reason,0.0,False,,
PO1491,no reason,0.0,False,,
PO1492,no reason,0.0,False,,
PO1493,no reason,0.0,False,,
PO1494,no reason,0.0,False,,
PO1495,no reason,0.0,False,,
PO1496,no reason,0.0,False,,
PO1497,no reason,0.0,False,,
PO1498,no reason,0.0,False,,
PO1499,no reason,0.0,False,,
PO1500,no reason,0.0,False,,
PO1501,no reason,0.0,False,,
PO1502,no reason,0.0,False,,
PO1503,less received,904.98,False,,
PO1504,no reason,0.0,False,,
PO1505,missing grn,137.04,False,,
PO1506,no reason,0.0,False,,
PO1507,no reason,0.0,False,,
PO1508,no reason,0.0,False,,
PO1509,no reason,0.0,False,,
PO1510,no reason,0.0,False,,
PO1511,no reason,0.0,False,,
PO1512,under-delivery,184.22,False,,
PO1513,no reason,0.0,False,,
PO1514,grn missing,323.23,False,,
PO1515,no reason,0.0,False,,
PO1516,no reason,0.0,False,,
PO1517,no reason,0.0,False,,
PO1518,no reason,0.0,False,,
PO1519,unit price mismatch,823.92,False,,
PO1520,no reason,0.0,False,,
PO1521,no reason,0.0,False,,
PO1522,no reason,0.0,False,,
PO1523,no reason,0.0,False,,
PO1524,total price discrepancy,909.03,False,,
PO1525,no reason,0.0,False,,
PO1526,no reason,0.0,False,,
PO1527,no reason,0.0,False,,
PO1528,no reason,0.0,False,,
PO1529,no reason,0.0,False,,
PO1530,no reason,0.0,False,,
PO1531,no reason,0.0,False,,
PO1532,invoice quantity mismatch,107.36,False,,
PO1533,no reason,0.0,False,,
PO1534,no reason,0.0,False,,
PO1535,currency mismatch,137.52,False,,
PO1536,no reason,0.0,False,,
PO1537,split shipment,702.48,False,,
PO1538,no reason,0.0,False,,
PO1539,no reason,0.0,False,,
PO1540,no reason,0.0,False,,
PO1541,no reason,0.0,False,,
PO1542,no reason,0.0,False,,
PO1543,no reason,0.0,False,,
PO1544,no reason,0.0,False,,
PO1545,no reason,0.0,False,,
PO1546,no reason,0.0,False,,
PO1547,no reason,0.0,False,,
PO1548,no reason,0.0,False,,
PO1549,no reason,0.0,False,,
PO1550,no reason,0.0,False,,
PO1551,no reason,0.0,False,,
PO1552,no reason,0.0,False,,
PO1553,no reason,0.0,False,,
PO1554,unit price mismatch,357.3,False,,
PO1555,currency mismatch,758.56,False,,
PO1556,no reason,0.0,False,,
PO1557,late delivery,995.06,False,,
PO1558,asn/grn mismatch,285.34,False,,
PO1559,no reason,0.0,False,,
PO1560,no reason,0.0,False,,
PO1561,no reason,0.0,False,,
PO1562,no reason,0.0,False,,
PO1563,no reason,0.0,False,,
PO1564,grn missing,824.53,False,,
PO1565,unit price mismatch,692.42,False,,
PO1566,no reason,0.0,False,,
PO1567,no reason,0.0,False,,
PO1568,price mismatch,184.51,False,,
PO1569,price mismatch,681.97,False,,
PO1570,no reason,0.0,False,,
PO1571,no reason,0.0,False,,
PO1572,no reason,0.0,False,,
PO1573,no reason,0.0,False,,
PO1574,no reason,0.0,False,,
PO1575,no reason,0.0,False,,
PO1576,no reason,0.0,False,,
PO1577,no reason,0.0,False,,
PO1578,no reason,0.0,False,,
PO1579,arrived late,802.32,False,,
PO1580,no reason,0.0,False,,
PO1581,over-delivery,271.93,False,,
PO1582,no reason,0.0,False,,
PO1583,no reason,0.0,False,,
PO1584,no grn,909.48,False,,
PO1585,no reason,0.0,False,,
PO1586,no reason,0.0,False,,
PO1587,no reason,0.0,False,,
PO1588,no reason,0.0,False,,
PO1589,no reason,0.0,False,,
PO1590,no reason,0.0,False,,
PO1591,no reason,0.0,False,,
PO1592,no reason,0.0,False,,
PO1593,invoice quantity mismatch,186.82,False,,
PO1594,no reason,0.0,False,,
PO1595,no reason,0.0,False,,
PO1596,no reason,0.0,False,,
PO1597,no reason,0.0,False,,
PO1598,no reason,0.0,False,,
PO1599,currency mismatch,324.74,False,,
PO1600,no reason,0.0,False,,
PO1601,split shipment,733.75,False,,
PO1602,no reason,0.0,False,,
PO1603,partial shipments,546.96,False,,
PO1604,currency mismatch,472.31,False,,
PO1605,no reason,0.0,False,,
PO1606,no reason,0.0,False,,
PO1607,arrived late,894.98,False,,
PO1608,no reason,0.0,False,,
PO1609,no reason,0.0,False,,
PO1610,no reason,0.0,False,,
PO1611,no reason,0.0,False,,
PO1612,no reason,0.0,False,,
PO1613,no reason,0.0,False,,
PO1614,no reason,0.0,False,,
PO1615,no reason,0.0,False,,
PO1616,no reason,0.0,False,,
PO1617,no reason,0.0,False,,
PO1618,no reason,0.0,False,,
PO1619,no reason,0.0,False,,
PO1620,no reason,0.0,False,,
PO1621,no reason,0.0,False,,
PO1622,no reason,0.0,False,,
PO1623,no reason,0.0,False,,
PO1624,partial shipments,142.81,False,,
PO1625,no reason,0.0,False,,
PO1626,no reason,0.0,False,,
PO1627,no reason,0.0,False,,
PO1628,no reason,0.0,False,,
PO1629,no reason,0.0,False,,
PO1630,no reason,0.0,False,,
PO1631,no reason,0.0,False,,
PO1632,no reason,0.0,False,,
PO1633,no reason,0.0,False,,
PO1634,no reason,0.0,False,,
PO1635,no reason,0.0,False,,
PO1636,no reason,0.0,False,,
PO1637,no reason,0.0,False,,
PO1638,no reason,0.0,False,,
PO1639,no reason,0.0,False,,
PO1640,grn missing,567.98,False,,
PO1641,no reason,0.0,False,,
PO1642,asn quantity mismatch,787.21,False,,
PO1643,no reason,0.0,False,,
PO1644,no reason,0.0,False,,
PO1645,no reason,0.0,False,,
PO1646,currency mismatch,852.08,False,,
PO1647,total price discrepancy,545.24,False,,
PO1648,no reason,0.0,False,,
PO1649,no reason,0.0,False,,
PO1650,no reason,0.0,False,,
PO1651,no reason,0.0,False,,
PO1652,price mismatch,893.07,False,,
PO1653,no reason,0.0,False,,
PO1654,over-delivery,306.33,False,,
PO1655,no reason,0.0,False,,
PO1656,no reason,0.0,False,,
PO1657,no reason,0.0,False,,
PO1658,no reason,0.0,False,,
PO1659,no reason,0.0,False,,
PO1660,no reason,0.0,False,,
PO1661,no reason,0.0,False,,
PO1662,late delivery,175.37,False,,
PO1663,no reason,0.0,False,,
PO1664,no reason,0.0,False,,
PO1665,late delivery,954.94,False,,
PO1666,no reason,0.0,False,,
PO1667,no reason,0.0,False,,
PO1668,no reason,0.0,False,,
PO1669,no reason,0.0,False,,
PO1670,no reason,0.0,False,,
PO1671,no reason,0.0,False,,
PO1672,no reason,0.0,False,,
PO1673,no reason,0.0,False,,
PO1674,no reason,0.0,False,,
PO1675,no reason,0.0,False,,
PO1676,no reason,0.0,False,,
PO1677,no reason,0.0,False,,
PO1678,no reason,0.0,False,,
PO1679,no reason,0.0,False,,
PO1680,no reason,0.0,False,,
PO1681,no reason,0.0,False,,
PO1682,no reason,0.0,False,,
PO1683,no reason,0.0,False,,
PO1684,no reason,0.0,False,,
PO1685,no reason,0.0,False,,
PO1686,arrived late,674.25,False,,
PO1687,no reason,0.0,False,,
PO1688,no reason,0.0,False,,
PO1689,no reason,0.0,False,,
PO1690,no reason,0.0,False,,
PO1691,no reason,0.0,False,,
PO1692,multiple grns,503.49,False,,
PO1693,no grn,903.08,False,,
PO1694,asn/grn mismatch,117.73,False,,
PO1695,no reason,0.0,False,,
PO1696,no reason,0.0,False,,
PO1697,grn missing,780.13,False,,
PO1698,no reason,0.0,False,,
PO1699,no reason,0.0,False,,
PO1700,no reason,0.0,False,,
PO1701,asn quantity mismatch,792.84,False,,
PO1702,split shipment,262.21,False,,
PO1703,no reason,0.0,False,,
PO1704,no reason,0.0,False,,
PO1705,no reason,0.0,False,,
PO1706,price mismatch,755.08,False,,
PO1707,delivered late,869.91,False,,
PO1708,no reason,0.0,False,,
PO1709,no reason,0.0,False,,
PO1710,total price discrepancy,377.26,False,,
PO1711,no reason,0.0,False,,
PO1712,delivered late,632.96,False,,
PO1713,no reason,0.0,False,,
PO1714,no reason,0.0,False,,
PO1715,no reason,0.0,False,,
PO1716,no reason,0.0,False,,
PO1717,no reason,0.0,False,,
PO1718,no reason,0.0,False,,
PO1719,no reason,0.0,False,,
PO1720,no reason,0.0,False,,
PO1721,no reason,0.0,False,,
PO1722,asn grn mismatch,340.31,False,,
PO1723,under-delivery,373.46,False,,
PO1724,no reason,0.0,False,,
PO1725,split shipment,616.28,False,,
PO1726,no reason,0.0,False,,
PO1727,no reason,0.0,False,,
PO1728,no reason,0.0,False,,
PO1729,no reason,0.0,False,,
PO1730,no reason,0.0,False,,
PO1731,no reason,0.0,False,,
PO1732,no reason,0.0,False,,
PO1733,no reason,0.0,False,,
PO1734,no reason,0.0,False,,
PO1735,asn grn mismatch,878.5,False,,
PO1736,no reason,0.0,False,,
PO1737,no reason,0.0,False,,
PO1738,no reason,0.0,False,,
PO1739,no reason,0.0,False,,
PO1740,delivered late,493.06,False,,
PO1741,no reason,0.0,False,,
PO1742,no reason,0.0,False,,
PO1743,no reason,0.0,False,,
PO1744,no reason,0.0,False,,
PO1745,total price discrepancy,536.06,False,,
PO1746,no reason,0.0,False,,
PO1747,invoice quantity mismatch,653.48,False,,
PO1748,no reason,0.0,False,,
PO1749,no reason,0.0,False,,
PO1750,no reason,0.0,False,,
PO1751,no reason,0.0,False,,
PO1752,no reason,0.0,False,,
PO1753,no reason,0.0,False,,
PO1754,no reason,0.0,False,,
PO1755,over-delivery,740.39,False,,
PO1756,no reason,0.0,False,,
PO1757,no reason,0.0,False,,
PO1758,no reason,0.0,False,,
PO1759,no reason,0.0,False,,
PO1760,no reason,0.0,False,,
PO1761,no reason,0.0,False,,
PO1762,asn/grn mismatch,418.09,False,,
PO1763,no reason,0.0,False,,
PO1764,multiple grns,129.98,False,,
PO1765,price mismatch,446.51,False,,
PO1766,no reason,0.0,False,,
PO1767,no reason,0.0,False,,
PO1768,no reason,0.0,False,,
PO1769,currency mismatch,617.89,False,,
PO1770,unit price mismatch,972.37,False,,
PO1771,no reason,0.0,False,,
PO1772,no reason,0.0,False,,
PO1773,no reason,0.0,False,,
PO1774,no reason,0.0,False,,
PO1775,no reason,0.0,False,,
PO1776,currency mismatch,225.85,False,,
PO1777,arrived late,310.45,False,,
PO1778,no reason,0.0,False,,
PO1779,no reason,0.0,False,,
PO1780,no reason,0.0,False,,
PO1781,no reason,0.0,False,,
PO1782,missing grn,235.94,False,,
PO1783,partial shipments,293.44,False,,
PO1784,no reason,0.0,False,,
PO1785,under-delivery,220.13,False,,
PO1786,no reason,0.0,False,,
PO1787,no reason,0.0,False,,
PO1788,no reason,0.0,False,,
PO1789,no reason,0.0,False,,
PO1790,no reason,0.0,False,,
PO1791,unit price mismatch,805.63,False,,
PO1792,no reason,0.0,False,,
PO1793,no reason,0.0,False,,
PO1794,no reason,0.0,False,,
PO1795,partial shipments,417.98,False,,
PO1796,no reason,0.0,False,,
PO1797,no reason,0.0,False,,
PO1798,no reason,0.0,False,,
PO1799,arrived late,477.96,False,,
PO1800,no reason,0.0,False,,
PO1801,no reason,0.0,False,,
PO1802,no reason,0.0,False,,
PO1803,no reason,0.0,False,,
PO1804,no reason,0.0,False,,
PO1805,no reason,0.0,False,,
PO1806,no reason,0.0,False,,
PO1807,no reason,0.0,False,,
PO2016,no reason,0.0,False,,
PO2447,no reason,0.0,False,,
PO2188,no reason,0.0,False,,
PO2698,no reason,0.0,False,,
PO2488,no reason,0.0,False,,
PO2845,no grn,285.39,False,,
PO2605,no reason,0.0,False,,
PO2143,no reason,0.0,False,,
PO2812,no reason,0.0,False,,
PO2064,no reason,0.0,False,,
PO2520,no reason,0.0,False,,
PO2290,no reason,0.0,False,,
PO2271,invoice/grn quantity mismatch,620.62,False,,
PO2433,no reason,0.0,False,,
PO2355,unit price mismatch,405.1,False,,
PO2279,partial shipments,315.21,False,,
PO2099,no reason,0.0,False,,
PO2676,no reason,0.0,False,,
PO2953,no reason,0.0,False,,
PO2369,no reason,0.0,False,,
PO2195,no reason,0.0,False,,
PO2872,currency mismatch,336.01,False,,
PO2490,invoice/grn quantity mismatch,236.72,False,,
PO2907,no reason,0.0,False,,
PO2417,no reason,0.0,False,,
PO2338,no reason,0.0,False,,
PO2507,currency mismatch,735.14,False,,
PO2181,no reason,0.0,False,,
PO2893,no reason,0.0,False,,
PO2134,no reason,0.0,False,,
PO2681,no reason,0.0,False,,
PO2538,no reason,0.0,False,,
PO2555,no reason,0.0,False,,
PO2876,no reason,0.0,False,,
PO2487,no reason,0.0,False,,
PO2223,split shipment,476.75,False,,
PO2838,no reason,0.0,False,,
PO2069,under-delivery,652.42,False,,
PO2803,no reason,0.0,False,,
PO2741,no reason,0.0,False,,
PO2460,no reason,0.0,False,,
PO2406,over-delivery,214.81,False,,
PO2151,price mismatch,393.96,False,,
PO2127,no reason,0.0,False,,
PO2863,no reason,0.0,False,,
PO2777,partial shipments,934.77,False,,
PO2337,no reason,0.0,False,,
PO2298,more received,649.61,False,,
PO2220,asn quantity mismatch,871.58,False,,
PO2147,no reason,0.0,False,,
PO2120,no reason,0.0,False,,
PO2781,no reason,0.0,False,,
PO2610,no reason,0.0,False,,
PO2802,no reason,0.0,False,,
PO2634,over delivered,697.81,False,,
PO2182,over-delivery,356.03,False,,
PO2180,no reason,0.0,False,,
PO2722,split shipment,366.75,False,,
PO2837,no reason,0.0,False,,
PO2383,no reason,0.0,False,,
PO2091,no reason,0.0,False,,
PO2144,asn quantity mismatch,850.88,False,,
PO2137,no reason,0.0,False,,
PO2176,asn grn mismatch,529.47,False,,
PO2230,no reason,0.0,False,,
PO2365,no reason,0.0,False,,
PO2259,no reason,0.0,False,,
PO2866,no reason,0.0,False,,
PO2986,no reason,0.0,False,,
PO2886,no reason,0.0,False,,
PO2724,no reason,0.0,False,,
PO2153,no reason,0.0,False,,
PO2084,no reason,0.0,False,,
PO2583,no reason,0.0,False,,
PO2879,no reason,0.0,False,,
PO2209,over delivered,549.74,False,,
